{"cameraMode":{"drawMode":0,"name":"Shaded","section":"Shading Mode"},"sceneLighting":false,"audioPlay":false,"sceneViewState":{"showFog":true,"showMaterialUpdate":false,"showSkybox":false,"showFlares":true,"showImageEffects":true,"showParticleSystems":true},"in2DMode":false,"pivot":{"x":-7.732234954833984,"y":5.283745765686035,"z":-26.444364547729493},"rotation":{"x":0.15405021607875825,"y":0.6432541608810425,"z":-0.13429544866085053,"w":0.7378736138343811},"size":30.180709838867189,"orthographic":false}