{"cameraMode":{"drawMode":0,"name":"Shaded","section":"Shading Mode"},"sceneLighting":false,"audioPlay":false,"sceneViewState":{"showFog":true,"showMaterialUpdate":false,"showSkybox":false,"showFlares":true,"showImageEffects":true,"showParticleSystems":true},"in2DMode":false,"pivot":{"x":-0.025816679000854493,"y":0.07773613929748535,"z":-0.03387671709060669},"rotation":{"x":-0.008050273172557354,"y":-0.957063615322113,"z":0.28853341937065127,"w":-0.026702193543314935},"size":1.021223783493042,"orthographic":false}