{"cameraMode":{"drawMode":0,"name":"Shaded","section":"Shading Mode"},"sceneLighting":false,"audioPlay":false,"sceneViewState":{"showFog":true,"showMaterialUpdate":false,"showSkybox":false,"showFlares":true,"showImageEffects":true,"showParticleSystems":true},"in2DMode":false,"pivot":{"x":0.003480195999145508,"y":2.9200360774993898,"z":6.325828552246094},"rotation":{"x":0.09303019940853119,"y":-0.8592513799667358,"z":0.16867554187774659,"w":0.47389987111091616},"size":13.797157287597657,"orthographic":false}