{"cameraMode":{"drawMode":0,"name":"Shaded","section":"Shading Mode"},"sceneLighting":false,"audioPlay":false,"sceneViewState":{"showFog":true,"showMaterialUpdate":false,"showSkybox":false,"showFlares":true,"showImageEffects":true,"showParticleSystems":true},"in2DMode":false,"pivot":{"x":-44.56573486328125,"y":23.938663482666017,"z":5.524810791015625},"rotation":{"x":0.09303019940853119,"y":-0.8592513799667358,"z":0.16867554187774659,"w":0.47389987111091616},"size":87.90951538085938,"orthographic":false}