{"cameraMode":{"drawMode":0,"name":"Shaded","section":"Shading Mode"},"sceneLighting":false,"audioPlay":false,"sceneViewState":{"showFog":true,"showMaterialUpdate":false,"showSkybox":false,"showFlares":true,"showImageEffects":true,"showParticleSystems":true},"in2DMode":false,"pivot":{"x":-0.7226290702819824,"y":8.267389297485352,"z":-0.2972729206085205},"rotation":{"x":0.15405021607875825,"y":0.6432541608810425,"z":-0.13429544866085053,"w":0.7378736138343811},"size":6.787657737731934,"orthographic":false}