{"cameraMode":{"drawMode":0,"name":"Shaded","section":"Shading Mode"},"sceneLighting":false,"audioPlay":false,"sceneViewState":{"showFog":true,"showMaterialUpdate":false,"showSkybox":false,"showFlares":true,"showImageEffects":true,"showParticleSystems":true},"in2DMode":false,"pivot":{"x":6.475131511688232,"y":1.3808600902557374,"z":-1.610748052597046},"rotation":{"x":0.09303019940853119,"y":-0.8592513799667358,"z":0.16867554187774659,"w":0.47389987111091616},"size":4.713395118713379,"orthographic":false}