{"cameraMode":{"drawMode":0,"name":"Shaded","section":"Shading Mode"},"sceneLighting":false,"audioPlay":false,"sceneViewState":{"showFog":true,"showMaterialUpdate":false,"showSkybox":false,"showFlares":true,"showImageEffects":true,"showParticleSystems":true},"in2DMode":false,"pivot":{"x":1.6896953582763672,"y":2.5628714561462404,"z":-1.173539161682129},"rotation":{"x":0.15405021607875825,"y":0.6432541608810425,"z":-0.13429544866085053,"w":0.7378736138343811},"size":13.176198959350586,"orthographic":false}