{"cameraMode":{"drawMode":0,"name":"Shaded","section":"Shading Mode"},"sceneLighting":false,"audioPlay":false,"sceneViewState":{"showFog":true,"showMaterialUpdate":false,"showSkybox":false,"showFlares":true,"showImageEffects":true,"showParticleSystems":true},"in2DMode":false,"pivot":{"x":-5.0,"y":12.80000114440918,"z":-11.370001792907715},"rotation":{"x":0.15405021607875825,"y":0.6432541608810425,"z":-0.13429544866085053,"w":0.7378736138343811},"size":43.718753814697269,"orthographic":false}