{"cameraMode":{"drawMode":0,"name":"Shaded","section":"Shading Mode"},"sceneLighting":false,"audioPlay":false,"sceneViewState":{"showFog":true,"showMaterialUpdate":false,"showSkybox":false,"showFlares":true,"showImageEffects":true,"showParticleSystems":true},"in2DMode":false,"pivot":{"x":-2.473517417907715,"y":0.05382490158081055,"z":9.737129211425782},"rotation":{"x":0.09303019940853119,"y":-0.8592513799667358,"z":0.16867554187774659,"w":0.47389987111091616},"size":33.99904251098633,"orthographic":false}