{"cameraMode":{"drawMode":0,"name":"Shaded","section":"Shading Mode"},"sceneLighting":false,"audioPlay":false,"sceneViewState":{"showFog":true,"showMaterialUpdate":false,"showSkybox":false,"showFlares":true,"showImageEffects":true,"showParticleSystems":true},"in2DMode":false,"pivot":{"x":0.6888059377670288,"y":0.5962299108505249,"z":-1.8226104974746705},"rotation":{"x":0.04942592978477478,"y":0.9388945698738098,"z":-0.1523016393184662,"w":0.30469390749931338},"size":3.4254648685455324,"orthographic":false}