{"cameraMode":{"drawMode":0,"name":"Shaded","section":"Shading Mode"},"sceneLighting":false,"audioPlay":false,"sceneViewState":{"showFog":true,"showMaterialUpdate":false,"showSkybox":false,"showFlares":true,"showImageEffects":true,"showParticleSystems":true},"in2DMode":false,"pivot":{"x":-0.3860814571380615,"y":4.721052646636963,"z":10.37059211730957},"rotation":{"x":0.09303019940853119,"y":-0.8592513799667358,"z":0.16867554187774659,"w":0.47389987111091616},"size":15.563343048095704,"orthographic":false}